Rest_Name, Street Address, City, State
Post Oak Grill,1415 S Post Oak Ln, Houston, Texas
Savoir,1344 Yale St, Houston, Texas
Squable,632 W 19th St, Houston, Texas
Olive & Twist,2712 Richmond Ave, Houston, Texas
The Blind Goat,409 Travis St, Houston, Texas
Mama’s Kitchen,3815 Richmond Ave, Houston, Texas
Nobie’s,2048 Colquitt St, Houston, Texas
Nancy’s Hustle,2704 Polk St, Houston, Texas
Studewood Cantine,1111 Studewood St, Houston, Texas
La Lucha,1801 N Shepherd Dr, Houston, Texas
Bosscat Kitchen & Libations,4310 Westheimer Rd, Houston, Texas
Eunice,3737 Buffalo Speedway, Houston, Texas
BCK,933 Studewood St, Houston, Texas
MAD,Located in River Oaks District, Houston, Texas
Ritual,602 Studewood St, Houston, Texas
Lazy Dog Restaurant & Bar,20030 Northwest Fwy, Houston, Texas
Warehouse 72,7620 Katy Fwy, Houston, Texas
BORI,1453 Witte Rd, Houston, Texas
Postino Montrose,805 Pacific St, Houston, Texas
Field & Tides,705 E 11th St, Houston, Texas
Rosie Cannonball,1620 Westheimer Rd, Houston, Texas
Elliot’s Table,465 T C Jester Blvd, Houston, Texas
State of Grace,3258 Westheimer Rd, Houston, Texas
Safina,6750 Main St, Houston, Texas
Ouzo Bay,4444 Westheimer Rd, Houston, Texas
1751 Sea and Bar,191 Heights Blvd, Houston, Texas
Ember & Greens,9403B Katy Fwy, Houston, Texas
Momo House,6121 Hillcroft, Houston, Texas
Roost,1972 Fairview St, Houston, Texas
锦和 Duck n Bao,510 S Mason Rd, Houston, Texas
Kokoro,Located in Bravery Chef Hall, Houston, Texas